message_index,trigger,patient_id
1,A03,SYN00001
2,A08,SYN00002
3,A03,SYN00003
4,A01,SYN00004
5,A03,SYN00005
6,A03,SYN00006
7,A08,SYN00007
8,A01,SYN00008
9,A03,SYN00009
10,A01,SYN00010
11,A03,SYN00011
12,A03,SYN00012
13,A01,SYN00013
14,A01,SYN00014
15,A01,SYN00015
16,A01,SYN00016
17,A01,SYN00017
18,A03,SYN00018
19,A03,SYN00019
20,A01,SYN00020
21,A01,SYN00021
22,A03,SYN00022
23,A01,SYN00023
24,A01,SYN00024
25,A01,SYN00025
26,A03,SYN00026
27,A01,SYN00027
28,A08,SYN00028
29,A03,SYN00029
30,A01,SYN00030
31,A08,SYN00031
32,A01,SYN00032
33,A08,SYN00033
34,A03,SYN00034
35,A08,SYN00035
36,A08,SYN00036
37,A03,SYN00037
38,A08,SYN00038
39,A03,SYN00039
40,A08,SYN00040
41,A08,SYN00041
42,A01,SYN00042
43,A08,SYN00043
44,A01,SYN00044
45,A01,SYN00045
46,A01,SYN00046
47,A03,SYN00047
48,A01,SYN00048
49,A01,SYN00049
50,A08,SYN00050
51,A03,SYN00051
52,A03,SYN00052
53,A03,SYN00053
54,A08,SYN00054
55,A03,SYN00055
56,A08,SYN00056
57,A01,SYN00057
58,A01,SYN00058
59,A01,SYN00059
60,A08,SYN00060
61,A03,SYN00061
62,A08,SYN00062
63,A08,SYN00063
64,A01,SYN00064
65,A01,SYN00065
66,A03,SYN00066
67,A01,SYN00067
68,A08,SYN00068
69,A03,SYN00069
70,A08,SYN00070
71,A01,SYN00071
72,A03,SYN00072
73,A01,SYN00073
74,A08,SYN00074
75,A01,SYN00075
76,A01,SYN00076
77,A08,SYN00077
78,A01,SYN00078
79,A08,SYN00079
80,A03,SYN00080
81,A01,SYN00081
82,A08,SYN00082
83,A01,SYN00083
84,A08,SYN00084
85,A03,SYN00085
86,A08,SYN00086
87,A08,SYN00087
88,A03,SYN00088
89,A08,SYN00089
90,A08,SYN00090
91,A03,SYN00091
92,A08,SYN00092
93,A01,SYN00093
94,A01,SYN00094
95,A01,SYN00095
96,A08,SYN00096
97,A08,SYN00097
98,A03,SYN00098
99,A01,SYN00099
100,A01,SYN00100
101,A01,SYN00101
102,A01,SYN00102
103,A01,SYN00103
104,A03,SYN00104
105,A08,SYN00105
106,A01,SYN00106
107,A03,SYN00107
108,A01,SYN00108
109,A03,SYN00109
110,A01,SYN00110
111,A01,SYN00111
112,A03,SYN00112
113,A03,SYN00113
114,A03,SYN00114
115,A08,SYN00115
116,A08,SYN00116
117,A01,SYN00117
118,A08,SYN00118
119,A01,SYN00119
120,A03,SYN00120
121,A03,SYN00121
122,A01,SYN00122
123,A08,SYN00123
124,A03,SYN00124
125,A01,SYN00125
126,A08,SYN00126
127,A01,SYN00127
128,A01,SYN00128
129,A08,SYN00129
130,A03,SYN00130
131,A08,SYN00131
132,A03,SYN00132
133,A03,SYN00133
134,A08,SYN00134
135,A08,SYN00135
136,A01,SYN00136
137,A03,SYN00137
138,A03,SYN00138
139,A08,SYN00139
140,A08,SYN00140
141,A08,SYN00141
142,A01,SYN00142
143,A08,SYN00143
144,A01,SYN00144
145,A08,SYN00145
146,A01,SYN00146
147,A03,SYN00147
148,A01,SYN00148
149,A03,SYN00149
150,A08,SYN00150
151,A08,SYN00151
152,A01,SYN00152
153,A01,SYN00153
154,A03,SYN00154
155,A08,SYN00155
156,A08,SYN00156
157,A08,SYN00157
158,A01,SYN00158
159,A03,SYN00159
160,A08,SYN00160
161,A03,SYN00161
162,A08,SYN00162
163,A01,SYN00163
164,A03,SYN00164
165,A03,SYN00165
166,A08,SYN00166
167,A08,SYN00167
168,A01,SYN00168
169,A08,SYN00169
170,A03,SYN00170
171,A08,SYN00171
172,A08,SYN00172
173,A08,SYN00173
174,A03,SYN00174
175,A08,SYN00175
176,A08,SYN00176
177,A08,SYN00177
178,A08,SYN00178
179,A08,SYN00179
180,A08,SYN00180
181,A01,SYN00181
182,A08,SYN00182
183,A03,SYN00183
184,A03,SYN00184
185,A01,SYN00185
186,A01,SYN00186
187,A01,SYN00187
188,A08,SYN00188
189,A03,SYN00189
190,A03,SYN00190
191,A03,SYN00191
192,A03,SYN00192
193,A03,SYN00193
194,A03,SYN00194
195,A03,SYN00195
196,A01,SYN00196
197,A01,SYN00197
198,A08,SYN00198
199,A08,SYN00199
200,A01,SYN00200
201,A01,SYN00201
202,A03,SYN00202
203,A01,SYN00203
204,A08,SYN00204
205,A08,SYN00205
206,A08,SYN00206
207,A03,SYN00207
208,A03,SYN00208
209,A03,SYN00209
210,A03,SYN00210
211,A03,SYN00211
212,A08,SYN00212
213,A08,SYN00213
214,A03,SYN00214
215,A01,SYN00215
216,A03,SYN00216
217,A03,SYN00217
218,A03,SYN00218
219,A08,SYN00219
220,A08,SYN00220
221,A01,SYN00221
222,A01,SYN00222
223,A08,SYN00223
224,A01,SYN00224
225,A08,SYN00225
226,A03,SYN00226
227,A08,SYN00227
228,A08,SYN00228
229,A01,SYN00229
230,A01,SYN00230
231,A08,SYN00231
232,A03,SYN00232
233,A03,SYN00233
234,A08,SYN00234
235,A08,SYN00235
236,A01,SYN00236
237,A08,SYN00237
238,A08,SYN00238
239,A01,SYN00239
240,A08,SYN00240
241,A08,SYN00241
242,A03,SYN00242
243,A03,SYN00243
244,A03,SYN00244
245,A01,SYN00245
246,A03,SYN00246
247,A01,SYN00247
248,A03,SYN00248
249,A03,SYN00249
250,A03,SYN00250
251,A08,SYN00251
252,A01,SYN00252
253,A08,SYN00253
254,A01,SYN00254
255,A03,SYN00255
256,A08,SYN00256
257,A03,SYN00257
258,A01,SYN00258
259,A01,SYN00259
260,A03,SYN00260
261,A03,SYN00261
262,A03,SYN00262
263,A03,SYN00263
264,A03,SYN00264
265,A08,SYN00265
266,A03,SYN00266
267,A08,SYN00267
268,A03,SYN00268
269,A08,SYN00269
270,A03,SYN00270
271,A01,SYN00271
272,A03,SYN00272
273,A01,SYN00273
274,A03,SYN00274
275,A08,SYN00275
276,A01,SYN00276
277,A03,SYN00277
278,A03,SYN00278
279,A03,SYN00279
280,A08,SYN00280
281,A03,SYN00281
282,A03,SYN00282
283,A08,SYN00283
284,A01,SYN00284
285,A08,SYN00285
286,A03,SYN00286
287,A01,SYN00287
288,A03,SYN00288
289,A01,SYN00289
290,A03,SYN00290
291,A08,SYN00291
292,A01,SYN00292
293,A08,SYN00293
294,A08,SYN00294
295,A01,SYN00295
296,A03,SYN00296
297,A01,SYN00297
298,A03,SYN00298
299,A03,SYN00299
300,A08,SYN00300
301,A01,SYN00301
302,A08,SYN00302
303,A01,SYN00303
304,A03,SYN00304
305,A01,SYN00305
306,A08,SYN00306
307,A03,SYN00307
308,A03,SYN00308
309,A01,SYN00309
310,A03,SYN00310
311,A01,SYN00311
312,A08,SYN00312
313,A03,SYN00313
314,A08,SYN00314
315,A03,SYN00315
316,A08,SYN00316
317,A08,SYN00317
318,A03,SYN00318
319,A08,SYN00319
320,A03,SYN00320
321,A03,SYN00321
322,A01,SYN00322
323,A01,SYN00323
324,A01,SYN00324
325,A08,SYN00325
326,A03,SYN00326
327,A08,SYN00327
328,A03,SYN00328
329,A08,SYN00329
330,A01,SYN00330
331,A08,SYN00331
332,A08,SYN00332
333,A08,SYN00333
334,A08,SYN00334
335,A08,SYN00335
336,A01,SYN00336
337,A03,SYN00337
338,A08,SYN00338
339,A03,SYN00339
340,A01,SYN00340
341,A08,SYN00341
342,A08,SYN00342
343,A01,SYN00343
344,A03,SYN00344
345,A01,SYN00345
346,A03,SYN00346
347,A08,SYN00347
348,A03,SYN00348
349,A03,SYN00349
350,A08,SYN00350
351,A01,SYN00351
352,A03,SYN00352
353,A08,SYN00353
354,A01,SYN00354
355,A03,SYN00355
356,A03,SYN00356
357,A01,SYN00357
358,A03,SYN00358
359,A01,SYN00359
360,A08,SYN00360
361,A08,SYN00361
362,A01,SYN00362
363,A03,SYN00363
364,A08,SYN00364
365,A03,SYN00365
366,A08,SYN00366
367,A01,SYN00367
368,A01,SYN00368
369,A08,SYN00369
370,A08,SYN00370
371,A08,SYN00371
372,A08,SYN00372
373,A08,SYN00373
374,A03,SYN00374
375,A01,SYN00375
376,A08,SYN00376
377,A01,SYN00377
378,A01,SYN00378
379,A01,SYN00379
380,A01,SYN00380
381,A03,SYN00381
382,A08,SYN00382
383,A08,SYN00383
384,A08,SYN00384
385,A03,SYN00385
386,A08,SYN00386
387,A03,SYN00387
388,A03,SYN00388
389,A03,SYN00389
390,A08,SYN00390
391,A08,SYN00391
392,A01,SYN00392
393,A08,SYN00393
394,A08,SYN00394
395,A01,SYN00395
396,A01,SYN00396
397,A03,SYN00397
398,A01,SYN00398
399,A03,SYN00399
400,A01,SYN00400
401,A03,SYN00401
402,A03,SYN00402
403,A01,SYN00403
404,A03,SYN00404
405,A08,SYN00405
406,A01,SYN00406
407,A08,SYN00407
408,A08,SYN00408
409,A01,SYN00409
410,A01,SYN00410
411,A08,SYN00411
412,A03,SYN00412
413,A03,SYN00413
414,A08,SYN00414
415,A08,SYN00415
416,A08,SYN00416
417,A01,SYN00417
418,A01,SYN00418
419,A03,SYN00419
420,A03,SYN00420
421,A03,SYN00421
422,A08,SYN00422
423,A08,SYN00423
424,A08,SYN00424
425,A03,SYN00425
426,A08,SYN00426
427,A03,SYN00427
428,A01,SYN00428
429,A08,SYN00429
430,A03,SYN00430
431,A03,SYN00431
432,A03,SYN00432
433,A03,SYN00433
434,A08,SYN00434
435,A03,SYN00435
436,A03,SYN00436
437,A08,SYN00437
438,A01,SYN00438
439,A08,SYN00439
440,A08,SYN00440
441,A01,SYN00441
442,A03,SYN00442
443,A03,SYN00443
444,A03,SYN00444
445,A03,SYN00445
446,A01,SYN00446
447,A01,SYN00447
448,A03,SYN00448
449,A03,SYN00449
450,A08,SYN00450
451,A08,SYN00451
452,A01,SYN00452
453,A01,SYN00453
454,A01,SYN00454
455,A03,SYN00455
456,A03,SYN00456
457,A08,SYN00457
458,A03,SYN00458
459,A01,SYN00459
460,A01,SYN00460
461,A08,SYN00461
462,A08,SYN00462
463,A03,SYN00463
464,A01,SYN00464
465,A03,SYN00465
466,A08,SYN00466
467,A01,SYN00467
468,A08,SYN00468
469,A03,SYN00469
470,A03,SYN00470
471,A08,SYN00471
472,A01,SYN00472
473,A03,SYN00473
474,A01,SYN00474
475,A08,SYN00475
476,A08,SYN00476
477,A03,SYN00477
478,A01,SYN00478
479,A01,SYN00479
480,A08,SYN00480
481,A08,SYN00481
482,A03,SYN00482
483,A08,SYN00483
484,A03,SYN00484
485,A01,SYN00485
486,A01,SYN00486
487,A01,SYN00487
488,A08,SYN00488
489,A08,SYN00489
490,A01,SYN00490
491,A08,SYN00491
492,A08,SYN00492
493,A03,SYN00493
494,A01,SYN00494
495,A01,SYN00495
496,A08,SYN00496
497,A01,SYN00497
498,A08,SYN00498
499,A08,SYN00499
500,A01,SYN00500
